,person,mask_ratio,run_name,split,epoch,optimizer_step,learning_rate,metric,value
0,leslie,0.0,train_mae_medium_leslie_mask_0.0,training,0.637,100,0.0005,objective_loss,0.5892398738861084
1,leslie,0.0,train_mae_medium_leslie_mask_0.0,training,0.637,100,0.0005,smooth_l1,0.14479939073324202
2,leslie,0.0,train_mae_medium_leslie_mask_0.0,training,0.637,100,0.0005,ssim_loss,1.033680350780487
3,leslie,0.0,train_mae_medium_leslie_mask_0.0,validation,0.637,100,0.0005,objective_loss,0.5388096392154693
4,leslie,0.0,train_mae_medium_leslie_mask_0.0,validation,0.637,100,0.0005,smooth_l1,0.12743114456534385
5,leslie,0.0,train_mae_medium_leslie_mask_0.0,validation,0.637,100,0.0005,ssim_loss,0.9501881390810013
6,leslie,0.0,train_mae_medium_leslie_mask_0.0,training,1.274,200,0.0005,objective_loss,0.5329689675569534
7,leslie,0.0,train_mae_medium_leslie_mask_0.0,training,1.274,200,0.0005,smooth_l1,0.12848316498100756
8,leslie,0.0,train_mae_medium_leslie_mask_0.0,training,1.274,200,0.0005,ssim_loss,0.9374547636508942
9,leslie,0.0,train_mae_medium_leslie_mask_0.0,validation,1.274,200,0.0005,objective_loss,0.5289924249053002
10,leslie,0.0,train_mae_medium_leslie_mask_0.0,validation,1.274,200,0.0005,smooth_l1,0.13367823511362076
11,leslie,0.0,train_mae_medium_leslie_mask_0.0,validation,1.274,200,0.0005,ssim_loss,0.9243066132068634
12,leslie,0.0,train_mae_medium_leslie_mask_0.0,training,1.911,300,0.0005,objective_loss,0.5269908517599106
13,leslie,0.0,train_mae_medium_leslie_mask_0.0,training,1.911,300,0.0005,smooth_l1,0.12857485078275205
14,leslie,0.0,train_mae_medium_leslie_mask_0.0,training,1.911,300,0.0005,ssim_loss,0.925406853556633
15,leslie,0.0,train_mae_medium_leslie_mask_0.0,validation,1.911,300,0.0005,objective_loss,0.5231842175126076
16,leslie,0.0,train_mae_medium_leslie_mask_0.0,validation,1.911,300,0.0005,smooth_l1,0.13981145471334458
17,leslie,0.0,train_mae_medium_leslie_mask_0.0,validation,1.911,300,0.0005,ssim_loss,0.9065569713711739
18,leslie,0.0,train_mae_medium_leslie_mask_0.0,training,2.548,400,0.0005,objective_loss,0.5301854085922241
19,leslie,0.0,train_mae_medium_leslie_mask_0.0,training,2.548,400,0.0005,smooth_l1,0.13001570098102092
20,leslie,0.0,train_mae_medium_leslie_mask_0.0,training,2.548,400,0.0005,ssim_loss,0.9303551149368287
21,leslie,0.0,train_mae_medium_leslie_mask_0.0,validation,2.548,400,0.0005,objective_loss,0.520786689221859
22,leslie,0.0,train_mae_medium_leslie_mask_0.0,validation,2.548,400,0.0005,smooth_l1,0.12786844857037066
23,leslie,0.0,train_mae_medium_leslie_mask_0.0,validation,2.548,400,0.0005,ssim_loss,0.9137049287557601
24,leslie,0.0,train_mae_medium_leslie_mask_0.0,training,3.185,500,0.0005,objective_loss,0.5004068234562874
25,leslie,0.0,train_mae_medium_leslie_mask_0.0,training,3.185,500,0.0005,smooth_l1,0.11785387275507674
26,leslie,0.0,train_mae_medium_leslie_mask_0.0,training,3.185,500,0.0005,ssim_loss,0.8829597792774438
27,leslie,0.0,train_mae_medium_leslie_mask_0.0,validation,3.185,500,0.0005,objective_loss,0.22425550036132336
28,leslie,0.0,train_mae_medium_leslie_mask_0.0,validation,3.185,500,0.0005,smooth_l1,0.06943325605243444
29,leslie,0.0,train_mae_medium_leslie_mask_0.0,validation,3.185,500,0.0005,ssim_loss,0.3790777429938316
30,leslie,0.0,train_mae_medium_leslie_mask_0.0,training,3.822,600,0.0005,objective_loss,0.029085442523064556
31,leslie,0.0,train_mae_medium_leslie_mask_0.0,training,3.822,600,0.0005,smooth_l1,0.010960250851788943
32,leslie,0.0,train_mae_medium_leslie_mask_0.0,training,3.822,600,0.0005,ssim_loss,0.047210633726790546
33,leslie,0.0,train_mae_medium_leslie_mask_0.0,validation,3.822,600,0.0005,objective_loss,0.00042380855084047655
34,leslie,0.0,train_mae_medium_leslie_mask_0.0,validation,3.822,600,0.0005,smooth_l1,1.6674693050333645e-06
35,leslie,0.0,train_mae_medium_leslie_mask_0.0,validation,3.822,600,0.0005,ssim_loss,0.0008459496311843395
36,leslie,0.0,train_mae_medium_leslie_mask_0.0,training,4.459,700,0.0005,objective_loss,0.0003328323575260583
37,leslie,0.0,train_mae_medium_leslie_mask_0.0,training,4.459,700,0.0005,smooth_l1,1.478873459177521e-06
38,leslie,0.0,train_mae_medium_leslie_mask_0.0,training,4.459,700,0.0005,ssim_loss,0.0006641858443617821
39,leslie,0.0,train_mae_medium_leslie_mask_0.0,validation,4.459,700,0.0005,objective_loss,0.0002618855068249104
40,leslie,0.0,train_mae_medium_leslie_mask_0.0,validation,4.459,700,0.0005,smooth_l1,1.1914844215255016e-06
41,leslie,0.0,train_mae_medium_leslie_mask_0.0,validation,4.459,700,0.0005,ssim_loss,0.0005225795321166515
42,leslie,0.0,train_mae_medium_leslie_mask_0.0,training,5.096,800,0.0005,objective_loss,0.00025494844776403626
43,leslie,0.0,train_mae_medium_leslie_mask_0.0,training,5.096,800,0.0005,smooth_l1,1.128353530361892e-06
44,leslie,0.0,train_mae_medium_leslie_mask_0.0,training,5.096,800,0.0005,ssim_loss,0.0005087685398757458
45,leslie,0.0,train_mae_medium_leslie_mask_0.0,validation,5.096,800,0.0005,objective_loss,0.0002243711081064248
46,leslie,0.0,train_mae_medium_leslie_mask_0.0,validation,5.096,800,0.0005,smooth_l1,9.657448465816287e-07
47,leslie,0.0,train_mae_medium_leslie_mask_0.0,validation,5.096,800,0.0005,ssim_loss,0.00044777647126466037
48,leslie,0.0,train_mae_medium_leslie_mask_0.0,training,5.732,900,0.0005,objective_loss,0.00023101477447198704
49,leslie,0.0,train_mae_medium_leslie_mask_0.0,training,5.732,900,0.0005,smooth_l1,1.1132469569474778e-06
50,leslie,0.0,train_mae_medium_leslie_mask_0.0,training,5.732,900,0.0005,ssim_loss,0.0004609163012355566
51,leslie,0.0,train_mae_medium_leslie_mask_0.0,validation,5.732,900,0.0005,objective_loss,0.00019890877074431047
52,leslie,0.0,train_mae_medium_leslie_mask_0.0,validation,5.732,900,0.0005,smooth_l1,8.571283839131638e-07
53,leslie,0.0,train_mae_medium_leslie_mask_0.0,validation,5.732,900,0.0005,ssim_loss,0.00039696041494607925
54,leslie,0.0,train_mae_medium_leslie_mask_0.0,training,6.369,1000,0.0005,objective_loss,0.00020691744015493896
55,leslie,0.0,train_mae_medium_leslie_mask_0.0,training,6.369,1000,0.0005,smooth_l1,9.575007348416876e-07
56,leslie,0.0,train_mae_medium_leslie_mask_0.0,training,6.369,1000,0.0005,ssim_loss,0.0004128773789852858
57,leslie,0.0,train_mae_medium_leslie_mask_0.0,validation,6.369,1000,0.0005,objective_loss,0.00017286285064983532
58,leslie,0.0,train_mae_medium_leslie_mask_0.0,validation,6.369,1000,0.0005,smooth_l1,5.948310498382625e-07
59,leslie,0.0,train_mae_medium_leslie_mask_0.0,validation,6.369,1000,0.0005,ssim_loss,0.00034513087011873723
60,leslie,0.0,train_mae_medium_leslie_mask_0.0,training,7.006,1100,0.0005,objective_loss,0.0001757156109670177
61,leslie,0.0,train_mae_medium_leslie_mask_0.0,training,7.006,1100,0.0005,smooth_l1,6.897668924921163e-07
62,leslie,0.0,train_mae_medium_leslie_mask_0.0,training,7.006,1100,0.0005,ssim_loss,0.00035074145533144476
63,leslie,0.0,train_mae_medium_leslie_mask_0.0,validation,7.006,1100,0.0005,objective_loss,0.00015562645562567924
64,leslie,0.0,train_mae_medium_leslie_mask_0.0,validation,7.006,1100,0.0005,smooth_l1,4.820957402174031e-07
65,leslie,0.0,train_mae_medium_leslie_mask_0.0,validation,7.006,1100,0.0005,ssim_loss,0.0003107708180323243
66,leslie,0.0,train_mae_medium_leslie_mask_0.0,training,7.643,1200,0.0005,objective_loss,0.00016753048381360714
67,leslie,0.0,train_mae_medium_leslie_mask_0.0,training,7.643,1200,0.0005,smooth_l1,6.291772400857099e-07
68,leslie,0.0,train_mae_medium_leslie_mask_0.0,training,7.643,1200,0.0005,ssim_loss,0.0003344317898154259
69,leslie,0.0,train_mae_medium_leslie_mask_0.0,validation,7.643,1200,0.0005,objective_loss,0.00014338121040964326
70,leslie,0.0,train_mae_medium_leslie_mask_0.0,validation,7.643,1200,0.0005,smooth_l1,4.072715647396308e-07
71,leslie,0.0,train_mae_medium_leslie_mask_0.0,validation,7.643,1200,0.0005,ssim_loss,0.0002863551490008831
72,leslie,0.0,train_mae_medium_leslie_mask_0.0,training,8.28,1300,0.0005,objective_loss,0.0001552852662280202
73,leslie,0.0,train_mae_medium_leslie_mask_0.0,training,8.28,1300,0.0005,smooth_l1,6.523927787327465e-07
74,leslie,0.0,train_mae_medium_leslie_mask_0.0,training,8.28,1300,0.0005,ssim_loss,0.00030991814099252225
75,leslie,0.0,train_mae_medium_leslie_mask_0.0,validation,8.28,1300,0.0005,objective_loss,0.00013451183099277841
76,leslie,0.0,train_mae_medium_leslie_mask_0.0,validation,8.28,1300,0.0005,smooth_l1,3.7137183630520097e-07
77,leslie,0.0,train_mae_medium_leslie_mask_0.0,validation,8.28,1300,0.0005,ssim_loss,0.0002686522901058197
78,leslie,0.0,train_mae_medium_leslie_mask_0.0,training,8.917,1400,0.0005,objective_loss,0.00014101267101068515
79,leslie,0.0,train_mae_medium_leslie_mask_0.0,training,8.917,1400,0.0005,smooth_l1,5.186029918036183e-07
80,leslie,0.0,train_mae_medium_leslie_mask_0.0,training,8.917,1400,0.0005,ssim_loss,0.0002815067395567894
81,leslie,0.0,train_mae_medium_leslie_mask_0.0,validation,8.917,1400,0.0005,objective_loss,0.0001263466475847963
82,leslie,0.0,train_mae_medium_leslie_mask_0.0,validation,8.917,1400,0.0005,smooth_l1,3.315373577006397e-07
83,leslie,0.0,train_mae_medium_leslie_mask_0.0,validation,8.917,1400,0.0005,ssim_loss,0.0002523617586120963
84,leslie,0.0,train_mae_medium_leslie_mask_0.0,training,9.554,1500,0.0005,objective_loss,0.00014067145515582523
85,leslie,0.0,train_mae_medium_leslie_mask_0.0,training,9.554,1500,0.0005,smooth_l1,5.482128645439843e-07
86,leslie,0.0,train_mae_medium_leslie_mask_0.0,training,9.554,1500,0.0005,ssim_loss,0.00028079469688236714
87,leslie,0.0,train_mae_medium_leslie_mask_0.0,validation,9.554,1500,0.0005,objective_loss,0.000127352589606744
88,leslie,0.0,train_mae_medium_leslie_mask_0.0,validation,9.554,1500,0.0005,smooth_l1,5.522312775951832e-07
89,leslie,0.0,train_mae_medium_leslie_mask_0.0,validation,9.554,1500,0.0005,ssim_loss,0.0002541529480367899
90,leslie,0.0,train_mae_medium_leslie_mask_0.0,training,10.191,1600,0.0005,objective_loss,0.0001311942737083882
91,leslie,0.0,train_mae_medium_leslie_mask_0.0,training,10.191,1600,0.0005,smooth_l1,5.548884590211856e-07
92,leslie,0.0,train_mae_medium_leslie_mask_0.0,training,10.191,1600,0.0005,ssim_loss,0.0002618336584419012
93,leslie,0.0,train_mae_medium_leslie_mask_0.0,validation,10.191,1600,0.0005,objective_loss,0.00011675160258164396
94,leslie,0.0,train_mae_medium_leslie_mask_0.0,validation,10.191,1600,0.0005,smooth_l1,3.586817141965071e-07
95,leslie,0.0,train_mae_medium_leslie_mask_0.0,validation,10.191,1600,0.0005,ssim_loss,0.0002331445226445794
96,leslie,0.0,train_mae_medium_leslie_mask_0.0,training,10.828,1700,0.0005,objective_loss,0.00013017841381952167
97,leslie,0.0,train_mae_medium_leslie_mask_0.0,training,10.828,1700,0.0005,smooth_l1,6.16392220393891e-07
98,leslie,0.0,train_mae_medium_leslie_mask_0.0,training,10.828,1700,0.0005,ssim_loss,0.00025974043644964693
99,leslie,0.0,train_mae_medium_leslie_mask_0.0,validation,10.828,1700,0.0005,objective_loss,0.00011051579817831226
100,leslie,0.0,train_mae_medium_leslie_mask_0.0,validation,10.828,1700,0.0005,smooth_l1,2.736182665330489e-07
101,leslie,0.0,train_mae_medium_leslie_mask_0.0,validation,10.828,1700,0.0005,ssim_loss,0.0002207579789683223
102,leslie,0.0,train_mae_medium_leslie_mask_0.0,training,11.465,1800,0.0005,objective_loss,0.00012503056812420254
103,leslie,0.0,train_mae_medium_leslie_mask_0.0,training,11.465,1800,0.0005,smooth_l1,5.237473517638591e-07
104,leslie,0.0,train_mae_medium_leslie_mask_0.0,training,11.465,1800,0.0005,ssim_loss,0.00024953738786280153
105,leslie,0.0,train_mae_medium_leslie_mask_0.0,validation,11.465,1800,0.0005,objective_loss,0.00010742954273155192
106,leslie,0.0,train_mae_medium_leslie_mask_0.0,validation,11.465,1800,0.0005,smooth_l1,2.9586726189023695e-07
107,leslie,0.0,train_mae_medium_leslie_mask_0.0,validation,11.465,1800,0.0005,ssim_loss,0.00021456321701407433
108,leslie,0.0,train_mae_medium_leslie_mask_0.0,training,12.102,1900,0.0005,objective_loss,0.00012151144950621529
109,leslie,0.0,train_mae_medium_leslie_mask_0.0,training,12.102,1900,0.0005,smooth_l1,6.874485693231236e-07
110,leslie,0.0,train_mae_medium_leslie_mask_0.0,training,12.102,1900,0.0005,ssim_loss,0.00024233545176684856
111,leslie,0.0,train_mae_medium_leslie_mask_0.0,validation,12.102,1900,0.0005,objective_loss,0.00011040665381187865
112,leslie,0.0,train_mae_medium_leslie_mask_0.0,validation,12.102,1900,0.0005,smooth_l1,4.3316809765769905e-07
113,leslie,0.0,train_mae_medium_leslie_mask_0.0,validation,12.102,1900,0.0005,ssim_loss,0.00022038014139980078
114,leslie,0.0,train_mae_medium_leslie_mask_0.0,training,12.739,2000,0.0005,objective_loss,0.00012110986601328477
115,leslie,0.0,train_mae_medium_leslie_mask_0.0,training,12.739,2000,0.0005,smooth_l1,5.58407762554225e-07
116,leslie,0.0,train_mae_medium_leslie_mask_0.0,training,12.739,2000,0.0005,ssim_loss,0.0002416613232344389
117,leslie,0.0,train_mae_medium_leslie_mask_0.0,validation,12.739,2000,0.0005,objective_loss,0.00011112243901152396
118,leslie,0.0,train_mae_medium_leslie_mask_0.0,validation,12.739,2000,0.0005,smooth_l1,5.898020638994694e-07
119,leslie,0.0,train_mae_medium_leslie_mask_0.0,validation,12.739,2000,0.0005,ssim_loss,0.00022165507543832065
120,leslie,0.0,train_mae_medium_leslie_mask_0.0,training,13.376,2100,0.0005,objective_loss,0.00013408798578893767
121,leslie,0.0,train_mae_medium_leslie_mask_0.0,training,13.376,2100,0.0005,smooth_l1,1.311083340027608e-06
122,leslie,0.0,train_mae_medium_leslie_mask_0.0,training,13.376,2100,0.0005,ssim_loss,0.0002668648865073919
123,leslie,0.0,train_mae_medium_leslie_mask_0.0,validation,13.376,2100,0.0005,objective_loss,9.883102761705231e-05
124,leslie,0.0,train_mae_medium_leslie_mask_0.0,validation,13.376,2100,0.0005,smooth_l1,2.4397611850801584e-07
125,leslie,0.0,train_mae_medium_leslie_mask_0.0,validation,13.376,2100,0.0005,ssim_loss,0.0001974180806428194
126,leslie,0.0,train_mae_medium_leslie_mask_0.0,training,14.013,2200,0.0005,objective_loss,0.00011064462181821
127,leslie,0.0,train_mae_medium_leslie_mask_0.0,training,14.013,2200,0.0005,smooth_l1,4.016570931497654e-07
128,leslie,0.0,train_mae_medium_leslie_mask_0.0,training,14.013,2200,0.0005,ssim_loss,0.00022088758647441863
129,leslie,0.0,train_mae_medium_leslie_mask_0.0,validation,14.013,2200,0.0005,objective_loss,9.828739516706264e-05
130,leslie,0.0,train_mae_medium_leslie_mask_0.0,validation,14.013,2200,0.0005,smooth_l1,3.1962750739467084e-07
131,leslie,0.0,train_mae_medium_leslie_mask_0.0,validation,14.013,2200,0.0005,ssim_loss,0.00019625516142696142
132,leslie,0.0,train_mae_medium_leslie_mask_0.0,training,14.65,2300,0.0005,objective_loss,0.00010636313876602799
133,leslie,0.0,train_mae_medium_leslie_mask_0.0,training,14.65,2300,0.0005,smooth_l1,3.6566727501963214e-07
134,leslie,0.0,train_mae_medium_leslie_mask_0.0,training,14.65,2300,0.0005,ssim_loss,0.00021236061118543148
135,leslie,0.0,train_mae_medium_leslie_mask_0.0,validation,14.65,2300,0.0005,objective_loss,9.813191391003784e-05
136,leslie,0.0,train_mae_medium_leslie_mask_0.0,validation,14.65,2300,0.0005,smooth_l1,3.795426572139604e-07
137,leslie,0.0,train_mae_medium_leslie_mask_0.0,validation,14.65,2300,0.0005,ssim_loss,0.00019588428549468517
138,leslie,0.0,train_mae_medium_leslie_mask_0.0,training,15.287,2400,0.0005,objective_loss,0.00010465207600645954
139,leslie,0.0,train_mae_medium_leslie_mask_0.0,training,15.287,2400,0.0005,smooth_l1,4.4573324927910105e-07
140,leslie,0.0,train_mae_medium_leslie_mask_0.0,training,15.287,2400,0.0005,ssim_loss,0.0002088584192097187
141,leslie,0.0,train_mae_medium_leslie_mask_0.0,validation,15.287,2400,0.0005,objective_loss,9.236323767254362e-05
142,leslie,0.0,train_mae_medium_leslie_mask_0.0,validation,15.287,2400,0.0005,smooth_l1,2.3999502705152056e-07
143,leslie,0.0,train_mae_medium_leslie_mask_0.0,validation,15.287,2400,0.0005,ssim_loss,0.00018448648042976857
144,leslie,0.0,train_mae_medium_leslie_mask_0.0,training,15.924,2500,0.0005,objective_loss,0.00010788296909595373
145,leslie,0.0,train_mae_medium_leslie_mask_0.0,training,15.924,2500,0.0005,smooth_l1,6.175440675804111e-07
146,leslie,0.0,train_mae_medium_leslie_mask_0.0,training,15.924,2500,0.0005,ssim_loss,0.00021514839492738246
147,leslie,0.0,train_mae_medium_leslie_mask_0.0,validation,15.924,2500,0.0005,objective_loss,9.138124414675985e-05
148,leslie,0.0,train_mae_medium_leslie_mask_0.0,validation,15.924,2500,0.0005,smooth_l1,2.3735173453331982e-07
149,leslie,0.0,train_mae_medium_leslie_mask_0.0,validation,15.924,2500,0.0005,ssim_loss,0.00018252513837069273
150,leslie,0.0,train_mae_medium_leslie_mask_0.0,training,16.561,2600,0.0005,objective_loss,0.00010166589228902012
151,leslie,0.0,train_mae_medium_leslie_mask_0.0,training,16.561,2600,0.0005,smooth_l1,4.943370637988665e-07
152,leslie,0.0,train_mae_medium_leslie_mask_0.0,training,16.561,2600,0.0005,ssim_loss,0.00020283744670450686
153,leslie,0.0,train_mae_medium_leslie_mask_0.0,validation,16.561,2600,0.0005,objective_loss,9.946269128704443e-05
154,leslie,0.0,train_mae_medium_leslie_mask_0.0,validation,16.561,2600,0.0005,smooth_l1,5.585643272354446e-07
155,leslie,0.0,train_mae_medium_leslie_mask_0.0,validation,16.561,2600,0.0005,ssim_loss,0.0001983668189495802
156,leslie,0.0,train_mae_medium_leslie_mask_0.0,training,17.197,2700,0.0005,objective_loss,0.00011706948764185654
157,leslie,0.0,train_mae_medium_leslie_mask_0.0,training,17.197,2700,0.0005,smooth_l1,9.443150619148355e-07
158,leslie,0.0,train_mae_medium_leslie_mask_0.0,training,17.197,2700,0.0005,ssim_loss,0.00023319466039538382
159,leslie,0.0,train_mae_medium_leslie_mask_0.0,validation,17.197,2700,0.0005,objective_loss,0.00010375944102634094
160,leslie,0.0,train_mae_medium_leslie_mask_0.0,validation,17.197,2700,0.0005,smooth_l1,8.421035687433687e-07
161,leslie,0.0,train_mae_medium_leslie_mask_0.0,validation,17.197,2700,0.0005,ssim_loss,0.00020667677745223045
162,leslie,0.0,train_mae_medium_leslie_mask_0.0,training,17.834,2800,0.0005,objective_loss,0.00010239405437459937
163,leslie,0.0,train_mae_medium_leslie_mask_0.0,training,17.834,2800,0.0005,smooth_l1,5.173660963464499e-07
164,leslie,0.0,train_mae_medium_leslie_mask_0.0,training,17.834,2800,0.0005,ssim_loss,0.00020427074283361436
165,leslie,0.0,train_mae_medium_leslie_mask_0.0,validation,17.834,2800,0.0005,objective_loss,8.995867915473355e-05
166,leslie,0.0,train_mae_medium_leslie_mask_0.0,validation,17.834,2800,0.0005,smooth_l1,3.255131776569442e-07
167,leslie,0.0,train_mae_medium_leslie_mask_0.0,validation,17.834,2800,0.0005,ssim_loss,0.0001795918447896838
168,leslie,0.0,train_mae_medium_leslie_mask_0.0,training,18.471,2900,0.0005,objective_loss,0.0001052857735339785
169,leslie,0.0,train_mae_medium_leslie_mask_0.0,training,18.471,2900,0.0005,smooth_l1,6.252035906584297e-07
170,leslie,0.0,train_mae_medium_leslie_mask_0.0,training,18.471,2900,0.0005,ssim_loss,0.0002099463436752558
171,leslie,0.0,train_mae_medium_leslie_mask_0.0,validation,18.471,2900,0.0005,objective_loss,9.195414359055575e-05
172,leslie,0.0,train_mae_medium_leslie_mask_0.0,validation,18.471,2900,0.0005,smooth_l1,4.2193113927169177e-07
173,leslie,0.0,train_mae_medium_leslie_mask_0.0,validation,18.471,2900,0.0005,ssim_loss,0.00018348635639995337
174,leslie,0.0,train_mae_medium_leslie_mask_0.0,training,19.108,3000,0.0005,objective_loss,0.00010015064079198055
175,leslie,0.0,train_mae_medium_leslie_mask_0.0,training,19.108,3000,0.0005,smooth_l1,6.299868451264956e-07
176,leslie,0.0,train_mae_medium_leslie_mask_0.0,training,19.108,3000,0.0005,ssim_loss,0.00019967129454016687
177,leslie,0.0,train_mae_medium_leslie_mask_0.0,validation,19.108,3000,0.0005,objective_loss,9.316184532508487e-05
178,leslie,0.0,train_mae_medium_leslie_mask_0.0,validation,19.108,3000,0.0005,smooth_l1,4.864909115553928e-07
179,leslie,0.0,train_mae_medium_leslie_mask_0.0,validation,19.108,3000,0.0005,ssim_loss,0.00018583720084279775
180,leslie,0.0,train_mae_medium_leslie_mask_0.0,training,19.745,3100,0.0005,objective_loss,0.00010181648976868019
181,leslie,0.0,train_mae_medium_leslie_mask_0.0,training,19.745,3100,0.0005,smooth_l1,6.275128772159633e-07
182,leslie,0.0,train_mae_medium_leslie_mask_0.0,training,19.745,3100,0.0005,ssim_loss,0.00020300546661019324
183,leslie,0.0,train_mae_medium_leslie_mask_0.0,validation,19.745,3100,0.0005,objective_loss,9.077264285224373e-05
184,leslie,0.0,train_mae_medium_leslie_mask_0.0,validation,19.745,3100,0.0005,smooth_l1,4.464223742672857e-07
185,leslie,0.0,train_mae_medium_leslie_mask_0.0,validation,19.745,3100,0.0005,ssim_loss,0.00018109886441379784
186,leslie,0.0,train_mae_medium_leslie_mask_0.0,training,20.382,3200,0.0005,objective_loss,9.635011341742939e-05
187,leslie,0.0,train_mae_medium_leslie_mask_0.0,training,20.382,3200,0.0005,smooth_l1,5.383543391701551e-07
188,leslie,0.0,train_mae_medium_leslie_mask_0.0,training,20.382,3200,0.0005,ssim_loss,0.0001921618729829788
189,leslie,0.0,train_mae_medium_leslie_mask_0.0,validation,20.382,3200,0.0005,objective_loss,8.354870228686196e-05
190,leslie,0.0,train_mae_medium_leslie_mask_0.0,validation,20.382,3200,0.0005,smooth_l1,2.4446892386009724e-07
191,leslie,0.0,train_mae_medium_leslie_mask_0.0,validation,20.382,3200,0.0005,ssim_loss,0.00016685293521732092
192,leslie,0.0,train_mae_medium_leslie_mask_0.0,training,21.019,3300,0.0005,objective_loss,0.00010067569161037682
193,leslie,0.0,train_mae_medium_leslie_mask_0.0,training,21.019,3300,0.0005,smooth_l1,6.563506473611369e-07
194,leslie,0.0,train_mae_medium_leslie_mask_0.0,training,21.019,3300,0.0005,ssim_loss,0.00020069503225386142
195,leslie,0.0,train_mae_medium_leslie_mask_0.0,validation,21.019,3300,0.0005,objective_loss,8.151680699484132e-05
196,leslie,0.0,train_mae_medium_leslie_mask_0.0,validation,21.019,3300,0.0005,smooth_l1,2.190091992204657e-07
197,leslie,0.0,train_mae_medium_leslie_mask_0.0,validation,21.019,3300,0.0005,ssim_loss,0.00016281460411846638
198,leslie,0.0,train_mae_medium_leslie_mask_0.0,training,21.656,3400,0.0005,objective_loss,0.00010654499845259125
199,leslie,0.0,train_mae_medium_leslie_mask_0.0,training,21.656,3400,0.0005,smooth_l1,9.724428750956804e-07
200,leslie,0.0,train_mae_medium_leslie_mask_0.0,training,21.656,3400,0.0005,ssim_loss,0.00021211755461990832
201,leslie,0.0,train_mae_medium_leslie_mask_0.0,validation,21.656,3400,0.0005,objective_loss,8.097100621853314e-05
202,leslie,0.0,train_mae_medium_leslie_mask_0.0,validation,21.656,3400,0.0005,smooth_l1,2.2522780147582465e-07
203,leslie,0.0,train_mae_medium_leslie_mask_0.0,validation,21.656,3400,0.0005,ssim_loss,0.00016171678435057403
204,leslie,0.0,train_mae_medium_leslie_mask_0.0,training,22.293,3500,0.0005,objective_loss,9.234665314579616e-05
205,leslie,0.0,train_mae_medium_leslie_mask_0.0,training,22.293,3500,0.0005,smooth_l1,4.6895555364301347e-07
206,leslie,0.0,train_mae_medium_leslie_mask_0.0,training,22.293,3500,0.0005,ssim_loss,0.0001842243503779173
207,leslie,0.0,train_mae_medium_leslie_mask_0.0,validation,22.293,3500,0.0005,objective_loss,9.442261407457408e-05
208,leslie,0.0,train_mae_medium_leslie_mask_0.0,validation,22.293,3500,0.0005,smooth_l1,7.41584126728867e-07
209,leslie,0.0,train_mae_medium_leslie_mask_0.0,validation,22.293,3500,0.0005,ssim_loss,0.00018810364417731762
210,leslie,0.0,train_mae_medium_leslie_mask_0.0,training,22.93,3600,0.0005,objective_loss,0.00010184191858570558
211,leslie,0.0,train_mae_medium_leslie_mask_0.0,training,22.93,3600,0.0005,smooth_l1,7.869817206085372e-07
212,leslie,0.0,train_mae_medium_leslie_mask_0.0,training,22.93,3600,0.0005,ssim_loss,0.0002028968557715416
213,leslie,0.0,train_mae_medium_leslie_mask_0.0,validation,22.93,3600,0.0005,objective_loss,8.761367830629751e-05
214,leslie,0.0,train_mae_medium_leslie_mask_0.0,validation,22.93,3600,0.0005,smooth_l1,4.860953701779636e-07
215,leslie,0.0,train_mae_medium_leslie_mask_0.0,validation,22.93,3600,0.0005,ssim_loss,0.0001747412607073784
216,leslie,0.0,train_mae_medium_leslie_mask_0.0,training,23.567,3700,0.0005,objective_loss,8.862780217896216e-05
217,leslie,0.0,train_mae_medium_leslie_mask_0.0,training,23.567,3700,0.0005,smooth_l1,4.1624100376225216e-07
218,leslie,0.0,train_mae_medium_leslie_mask_0.0,training,23.567,3700,0.0005,ssim_loss,0.00017683936282992364
219,leslie,0.0,train_mae_medium_leslie_mask_0.0,validation,23.567,3700,0.0005,objective_loss,9.043613135872874e-05
220,leslie,0.0,train_mae_medium_leslie_mask_0.0,validation,23.567,3700,0.0005,smooth_l1,6.612990006260589e-07
221,leslie,0.0,train_mae_medium_leslie_mask_0.0,validation,23.567,3700,0.0005,ssim_loss,0.0001802109647542238
222,leslie,0.0,train_mae_medium_leslie_mask_0.0,training,24.204,3800,0.0005,objective_loss,0.00010126695240614936
223,leslie,0.0,train_mae_medium_leslie_mask_0.0,training,24.204,3800,0.0005,smooth_l1,8.227064196120182e-07
224,leslie,0.0,train_mae_medium_leslie_mask_0.0,training,24.204,3800,0.0005,ssim_loss,0.00020171119831502438
225,leslie,0.0,train_mae_medium_leslie_mask_0.0,validation,24.204,3800,0.0005,objective_loss,8.622796322015347e-05
226,leslie,0.0,train_mae_medium_leslie_mask_0.0,validation,24.204,3800,0.0005,smooth_l1,4.955711105480987e-07
227,leslie,0.0,train_mae_medium_leslie_mask_0.0,validation,24.204,3800,0.0005,ssim_loss,0.00017196035478264093
228,leslie,0.0,train_mae_medium_leslie_mask_0.0,training,24.841,3900,0.0001,objective_loss,0.00010263909287459683
229,leslie,0.0,train_mae_medium_leslie_mask_0.0,training,24.841,3900,0.0001,smooth_l1,9.186413179662623e-07
230,leslie,0.0,train_mae_medium_leslie_mask_0.0,training,24.841,3900,0.0001,ssim_loss,0.00020435954444110395
231,leslie,0.0,train_mae_medium_leslie_mask_0.0,validation,24.841,3900,0.0001,objective_loss,8.787760734776384e-05
232,leslie,0.0,train_mae_medium_leslie_mask_0.0,validation,24.841,3900,0.0001,smooth_l1,6.092943038993326e-07
233,leslie,0.0,train_mae_medium_leslie_mask_0.0,validation,24.841,3900,0.0001,ssim_loss,0.0001751459203660488
234,leslie,0.0,train_mae_medium_leslie_mask_0.0,training,25.478,4000,0.0001,objective_loss,8.027939056773903e-05
235,leslie,0.0,train_mae_medium_leslie_mask_0.0,training,25.478,4000,0.0001,smooth_l1,2.3454245415166497e-07
236,leslie,0.0,train_mae_medium_leslie_mask_0.0,training,25.478,4000,0.0001,ssim_loss,0.00016032423824071884
237,leslie,0.0,train_mae_medium_leslie_mask_0.0,validation,25.478,4000,0.0001,objective_loss,7.581845029562828e-05
238,leslie,0.0,train_mae_medium_leslie_mask_0.0,validation,25.478,4000,0.0001,smooth_l1,1.8023996557481324e-07
239,leslie,0.0,train_mae_medium_leslie_mask_0.0,validation,25.478,4000,0.0001,ssim_loss,0.00015145665965974331
240,leslie,0.0,train_mae_medium_leslie_mask_0.0,training,26.115,4100,0.0001,objective_loss,8.451747162325773e-05
241,leslie,0.0,train_mae_medium_leslie_mask_0.0,training,26.115,4100,0.0001,smooth_l1,2.4828950493827053e-07
242,leslie,0.0,train_mae_medium_leslie_mask_0.0,training,26.115,4100,0.0001,ssim_loss,0.00016878665424883366
243,leslie,0.0,train_mae_medium_leslie_mask_0.0,validation,26.115,4100,0.0001,objective_loss,7.553811947218492e-05
244,leslie,0.0,train_mae_medium_leslie_mask_0.0,validation,26.115,4100,0.0001,smooth_l1,1.797233972755663e-07
245,leslie,0.0,train_mae_medium_leslie_mask_0.0,validation,26.115,4100,0.0001,ssim_loss,0.00015089651569724082
246,leslie,0.0,train_mae_medium_leslie_mask_0.0,training,26.752,4200,0.0001,objective_loss,8.255335626017768e-05
247,leslie,0.0,train_mae_medium_leslie_mask_0.0,training,26.752,4200,0.0001,smooth_l1,2.3169626757635343e-07
248,leslie,0.0,train_mae_medium_leslie_mask_0.0,training,26.752,4200,0.0001,ssim_loss,0.00016487501561641694
249,leslie,0.0,train_mae_medium_leslie_mask_0.0,validation,26.752,4200,0.0001,objective_loss,7.524746210947341e-05
250,leslie,0.0,train_mae_medium_leslie_mask_0.0,validation,26.752,4200,0.0001,smooth_l1,1.7890135395326467e-07
251,leslie,0.0,train_mae_medium_leslie_mask_0.0,validation,26.752,4200,0.0001,ssim_loss,0.000150316022336483
252,leslie,0.0,train_mae_medium_leslie_mask_0.0,training,27.389,4300,0.0001,objective_loss,7.777055529004429e-05
253,leslie,0.0,train_mae_medium_leslie_mask_0.0,training,27.389,4300,0.0001,smooth_l1,2.0946862910875552e-07
254,leslie,0.0,train_mae_medium_leslie_mask_0.0,training,27.389,4300,0.0001,ssim_loss,0.00015533164143562316
255,leslie,0.0,train_mae_medium_leslie_mask_0.0,validation,27.389,4300,0.0001,objective_loss,7.498248537558538e-05
256,leslie,0.0,train_mae_medium_leslie_mask_0.0,validation,27.389,4300,0.0001,smooth_l1,1.7924355768528245e-07
257,leslie,0.0,train_mae_medium_leslie_mask_0.0,validation,27.389,4300,0.0001,ssim_loss,0.00014978572726249696
258,leslie,0.0,train_mae_medium_leslie_mask_0.0,training,28.025,4400,0.0001,objective_loss,8.37218047308852e-05
259,leslie,0.0,train_mae_medium_leslie_mask_0.0,training,28.025,4400,0.0001,smooth_l1,2.5392109165522925e-07
260,leslie,0.0,train_mae_medium_leslie_mask_0.0,training,28.025,4400,0.0001,ssim_loss,0.00016718968749046325
261,leslie,0.0,train_mae_medium_leslie_mask_0.0,validation,28.025,4400,0.0001,objective_loss,7.477764106624817e-05
262,leslie,0.0,train_mae_medium_leslie_mask_0.0,validation,28.025,4400,0.0001,smooth_l1,1.7761389767834145e-07
263,leslie,0.0,train_mae_medium_leslie_mask_0.0,validation,28.025,4400,0.0001,ssim_loss,0.00014937766827642917
264,leslie,0.0,train_mae_medium_leslie_mask_0.0,training,28.662,4500,0.0001,objective_loss,8.214130029955413e-05
265,leslie,0.0,train_mae_medium_leslie_mask_0.0,training,28.662,4500,0.0001,smooth_l1,2.359960586417742e-07
266,leslie,0.0,train_mae_medium_leslie_mask_0.0,training,28.662,4500,0.0001,ssim_loss,0.00016404660418629647
267,leslie,0.0,train_mae_medium_leslie_mask_0.0,validation,28.662,4500,0.0001,objective_loss,7.450826196873095e-05
268,leslie,0.0,train_mae_medium_leslie_mask_0.0,validation,28.662,4500,0.0001,smooth_l1,1.769038110666088e-07
269,leslie,0.0,train_mae_medium_leslie_mask_0.0,validation,28.662,4500,0.0001,ssim_loss,0.00014883961994200946
270,leslie,0.0,train_mae_medium_leslie_mask_0.0,training,29.299,4600,0.0001,objective_loss,7.86492059705779e-05
271,leslie,0.0,train_mae_medium_leslie_mask_0.0,training,29.299,4600,0.0001,smooth_l1,2.3134358301035718e-07
272,leslie,0.0,train_mae_medium_leslie_mask_0.0,training,29.299,4600,0.0001,ssim_loss,0.00015706706792116166
273,leslie,0.0,train_mae_medium_leslie_mask_0.0,validation,29.299,4600,0.0001,objective_loss,7.431211188304587e-05
274,leslie,0.0,train_mae_medium_leslie_mask_0.0,validation,29.299,4600,0.0001,smooth_l1,1.764811013327261e-07
275,leslie,0.0,train_mae_medium_leslie_mask_0.0,validation,29.299,4600,0.0001,ssim_loss,0.0001484477426856756
276,leslie,0.0,train_mae_medium_leslie_mask_0.0,training,29.936,4700,0.0001,objective_loss,8.12445666451822e-05
277,leslie,0.0,train_mae_medium_leslie_mask_0.0,training,29.936,4700,0.0001,smooth_l1,2.214669641631417e-07
278,leslie,0.0,train_mae_medium_leslie_mask_0.0,training,29.936,4700,0.0001,ssim_loss,0.00016226766631007193
279,leslie,0.0,train_mae_medium_leslie_mask_0.0,validation,29.936,4700,0.0001,objective_loss,7.407734292428359e-05
280,leslie,0.0,train_mae_medium_leslie_mask_0.0,validation,29.936,4700,0.0001,smooth_l1,1.7584109488488763e-07
281,leslie,0.0,train_mae_medium_leslie_mask_0.0,validation,29.936,4700,0.0001,ssim_loss,0.0001479788450524211
282,leslie,0.0,train_mae_medium_leslie_mask_0.0,training,30.573,4800,0.0001,objective_loss,7.90291063094628e-05
283,leslie,0.0,train_mae_medium_leslie_mask_0.0,training,30.573,4800,0.0001,smooth_l1,2.4521120657539085e-07
284,leslie,0.0,train_mae_medium_leslie_mask_0.0,training,30.573,4800,0.0001,ssim_loss,0.00015781300142407418
285,leslie,0.0,train_mae_medium_leslie_mask_0.0,validation,30.573,4800,0.0001,objective_loss,7.381021946457622e-05
286,leslie,0.0,train_mae_medium_leslie_mask_0.0,validation,30.573,4800,0.0001,smooth_l1,1.753817714611472e-07
287,leslie,0.0,train_mae_medium_leslie_mask_0.0,validation,30.573,4800,0.0001,ssim_loss,0.00014744505751878022
288,leslie,0.0,train_mae_medium_leslie_mask_0.0,training,31.21,4900,0.0001,objective_loss,7.813053678546567e-05
289,leslie,0.0,train_mae_medium_leslie_mask_0.0,training,31.21,4900,0.0001,smooth_l1,1.8656262042782146e-07
290,leslie,0.0,train_mae_medium_leslie_mask_0.0,training,31.21,4900,0.0001,ssim_loss,0.00015607451088726522
291,leslie,0.0,train_mae_medium_leslie_mask_0.0,validation,31.21,4900,0.0001,objective_loss,7.359590981650399e-05
292,leslie,0.0,train_mae_medium_leslie_mask_0.0,validation,31.21,4900,0.0001,smooth_l1,1.7482166807525347e-07
293,leslie,0.0,train_mae_medium_leslie_mask_0.0,validation,31.21,4900,0.0001,ssim_loss,0.00014701699838042258
294,leslie,0.0,train_mae_medium_leslie_mask_0.0,training,31.847,5000,0.0001,objective_loss,8.019695407710969e-05
295,leslie,0.0,train_mae_medium_leslie_mask_0.0,training,31.847,5000,0.0001,smooth_l1,2.214382990928243e-07
296,leslie,0.0,train_mae_medium_leslie_mask_0.0,training,31.847,5000,0.0001,ssim_loss,0.0001601724699139595
297,leslie,0.0,train_mae_medium_leslie_mask_0.0,validation,31.847,5000,0.0001,objective_loss,7.335803697969823e-05
298,leslie,0.0,train_mae_medium_leslie_mask_0.0,validation,31.847,5000,0.0001,smooth_l1,1.7458642012080361e-07
299,leslie,0.0,train_mae_medium_leslie_mask_0.0,validation,31.847,5000,0.0001,ssim_loss,0.0001465414883568883
300,leslie,0.0,train_mae_medium_leslie_mask_0.0,training,32.484,5100,0.0001,objective_loss,7.966855937411311e-05
301,leslie,0.0,train_mae_medium_leslie_mask_0.0,training,32.484,5100,0.0001,smooth_l1,2.3973086072714977e-07
302,leslie,0.0,train_mae_medium_leslie_mask_0.0,training,32.484,5100,0.0001,ssim_loss,0.00015909738838672637
303,leslie,0.0,train_mae_medium_leslie_mask_0.0,validation,32.484,5100,0.0001,objective_loss,7.315837397072755e-05
304,leslie,0.0,train_mae_medium_leslie_mask_0.0,validation,32.484,5100,0.0001,smooth_l1,1.735167950212002e-07
305,leslie,0.0,train_mae_medium_leslie_mask_0.0,validation,32.484,5100,0.0001,ssim_loss,0.00014614323154091836
306,leslie,0.0,train_mae_medium_leslie_mask_0.0,training,33.121,5200,0.0001,objective_loss,7.992322429345222e-05
307,leslie,0.0,train_mae_medium_leslie_mask_0.0,training,33.121,5200,0.0001,smooth_l1,2.3048169580874856e-07
308,leslie,0.0,train_mae_medium_leslie_mask_0.0,training,33.121,5200,0.0001,ssim_loss,0.00015961596742272377
309,leslie,0.0,train_mae_medium_leslie_mask_0.0,validation,33.121,5200,0.0001,objective_loss,7.286914310498105e-05
310,leslie,0.0,train_mae_medium_leslie_mask_0.0,validation,33.121,5200,0.0001,smooth_l1,1.7319710767793595e-07
311,leslie,0.0,train_mae_medium_leslie_mask_0.0,validation,33.121,5200,0.0001,ssim_loss,0.00014556508976966144
312,leslie,0.0,train_mae_medium_leslie_mask_0.0,training,33.758,5300,0.0001,objective_loss,8.107213900075294e-05
313,leslie,0.0,train_mae_medium_leslie_mask_0.0,training,33.758,5300,0.0001,smooth_l1,2.3720110263525386e-07
314,leslie,0.0,train_mae_medium_leslie_mask_0.0,training,33.758,5300,0.0001,ssim_loss,0.00016190707683563232
315,leslie,0.0,train_mae_medium_leslie_mask_0.0,validation,33.758,5300,0.0001,objective_loss,7.255821997205203e-05
316,leslie,0.0,train_mae_medium_leslie_mask_0.0,validation,33.758,5300,0.0001,smooth_l1,1.7258899598360244e-07
317,leslie,0.0,train_mae_medium_leslie_mask_0.0,validation,33.758,5300,0.0001,ssim_loss,0.00014494385104626417
318,leslie,0.0,train_mae_medium_leslie_mask_0.0,training,34.395,5400,0.0001,objective_loss,7.574386210762896e-05
319,leslie,0.0,train_mae_medium_leslie_mask_0.0,training,34.395,5400,0.0001,smooth_l1,1.9466975462734126e-07
320,leslie,0.0,train_mae_medium_leslie_mask_0.0,training,34.395,5400,0.0001,ssim_loss,0.0001512930542230606
321,leslie,0.0,train_mae_medium_leslie_mask_0.0,validation,34.395,5400,0.0001,objective_loss,7.241211801556346e-05
322,leslie,0.0,train_mae_medium_leslie_mask_0.0,validation,34.395,5400,0.0001,smooth_l1,1.7181967164603408e-07
323,leslie,0.0,train_mae_medium_leslie_mask_0.0,validation,34.395,5400,0.0001,ssim_loss,0.00014465241692960263
324,leslie,0.0,train_mae_medium_leslie_mask_0.0,training,35.032,5500,0.0001,objective_loss,7.914188641734654e-05
325,leslie,0.0,train_mae_medium_leslie_mask_0.0,training,35.032,5500,0.0001,smooth_l1,2.3492329759733365e-07
326,leslie,0.0,train_mae_medium_leslie_mask_0.0,training,35.032,5500,0.0001,ssim_loss,0.0001580488495528698
327,leslie,0.0,train_mae_medium_leslie_mask_0.0,validation,35.032,5500,0.0001,objective_loss,7.218264549919695e-05
328,leslie,0.0,train_mae_medium_leslie_mask_0.0,validation,35.032,5500,0.0001,smooth_l1,1.713175334039363e-07
329,leslie,0.0,train_mae_medium_leslie_mask_0.0,validation,35.032,5500,0.0001,ssim_loss,0.00014419397339224816
330,leslie,0.0,train_mae_medium_leslie_mask_0.0,training,35.669,5600,0.0001,objective_loss,7.858299992221873e-05
331,leslie,0.0,train_mae_medium_leslie_mask_0.0,training,35.669,5600,0.0001,smooth_l1,2.1455567022599098e-07
332,leslie,0.0,train_mae_medium_leslie_mask_0.0,training,35.669,5600,0.0001,ssim_loss,0.00015695144422352313
333,leslie,0.0,train_mae_medium_leslie_mask_0.0,validation,35.669,5600,0.0001,objective_loss,7.18248102657526e-05
334,leslie,0.0,train_mae_medium_leslie_mask_0.0,validation,35.669,5600,0.0001,smooth_l1,1.704829443838207e-07
335,leslie,0.0,train_mae_medium_leslie_mask_0.0,validation,35.669,5600,0.0001,ssim_loss,0.00014347913675010203
336,leslie,0.0,train_mae_medium_leslie_mask_0.0,training,36.306,5700,0.0001,objective_loss,7.622602293849923e-05
337,leslie,0.0,train_mae_medium_leslie_mask_0.0,training,36.306,5700,0.0001,smooth_l1,2.1195759714487394e-07
338,leslie,0.0,train_mae_medium_leslie_mask_0.0,training,36.306,5700,0.0001,ssim_loss,0.00015224008820950984
339,leslie,0.0,train_mae_medium_leslie_mask_0.0,validation,36.306,5700,0.0001,objective_loss,7.152394468903366e-05
340,leslie,0.0,train_mae_medium_leslie_mask_0.0,validation,36.306,5700,0.0001,smooth_l1,1.704329779972369e-07
341,leslie,0.0,train_mae_medium_leslie_mask_0.0,validation,36.306,5700,0.0001,ssim_loss,0.0001428774558007717
342,leslie,0.0,train_mae_medium_leslie_mask_0.0,training,36.943,5800,0.0001,objective_loss,7.790017320076003e-05
343,leslie,0.0,train_mae_medium_leslie_mask_0.0,training,36.943,5800,0.0001,smooth_l1,2.3782984122533436e-07
344,leslie,0.0,train_mae_medium_leslie_mask_0.0,training,36.943,5800,0.0001,ssim_loss,0.00015556251630187036
345,leslie,0.0,train_mae_medium_leslie_mask_0.0,validation,36.943,5800,0.0001,objective_loss,7.121415546862409e-05
346,leslie,0.0,train_mae_medium_leslie_mask_0.0,validation,36.943,5800,0.0001,smooth_l1,1.699513433539579e-07
347,leslie,0.0,train_mae_medium_leslie_mask_0.0,validation,36.943,5800,0.0001,ssim_loss,0.00014225835911929607
348,leslie,0.0,train_mae_medium_leslie_mask_0.0,training,37.58,5900,0.0001,objective_loss,7.688723777391714e-05
349,leslie,0.0,train_mae_medium_leslie_mask_0.0,training,37.58,5900,0.0001,smooth_l1,2.2328963975581927e-07
350,leslie,0.0,train_mae_medium_leslie_mask_0.0,training,37.58,5900,0.0001,ssim_loss,0.00015355118550360202
351,leslie,0.0,train_mae_medium_leslie_mask_0.0,validation,37.58,5900,0.0001,objective_loss,7.103301077222568e-05
352,leslie,0.0,train_mae_medium_leslie_mask_0.0,validation,37.58,5900,0.0001,smooth_l1,1.6880596338531005e-07
353,leslie,0.0,train_mae_medium_leslie_mask_0.0,validation,37.58,5900,0.0001,ssim_loss,0.00014189721550792456
354,leslie,0.0,train_mae_medium_leslie_mask_0.0,training,38.217,6000,0.0001,objective_loss,7.847925735404715e-05
355,leslie,0.0,train_mae_medium_leslie_mask_0.0,training,38.217,6000,0.0001,smooth_l1,2.1508145408688506e-07
356,leslie,0.0,train_mae_medium_leslie_mask_0.0,training,38.217,6000,0.0001,ssim_loss,0.00015674343332648278
357,leslie,0.0,train_mae_medium_leslie_mask_0.0,validation,38.217,6000,0.0001,objective_loss,7.085061406542081e-05
358,leslie,0.0,train_mae_medium_leslie_mask_0.0,validation,38.217,6000,0.0001,smooth_l1,1.680661578351561e-07
359,leslie,0.0,train_mae_medium_leslie_mask_0.0,validation,38.217,6000,0.0001,ssim_loss,0.00014153316151350738
360,leslie,0.0,train_mae_medium_leslie_mask_0.0,training,38.854,6100,0.0001,objective_loss,7.616197639435995e-05
361,leslie,0.0,train_mae_medium_leslie_mask_0.0,training,38.854,6100,0.0001,smooth_l1,2.1618730031036648e-07
362,leslie,0.0,train_mae_medium_leslie_mask_0.0,training,38.854,6100,0.0001,ssim_loss,0.00015210776589810848
363,leslie,0.0,train_mae_medium_leslie_mask_0.0,validation,38.854,6100,0.0001,objective_loss,7.04953436525102e-05
364,leslie,0.0,train_mae_medium_leslie_mask_0.0,validation,38.854,6100,0.0001,smooth_l1,1.6959188462450924e-07
365,leslie,0.0,train_mae_medium_leslie_mask_0.0,validation,38.854,6100,0.0001,ssim_loss,0.00014082109555602074
366,leslie,0.0,train_mae_medium_leslie_mask_0.0,training,39.49,6200,0.0001,objective_loss,7.411769849568372e-05
367,leslie,0.0,train_mae_medium_leslie_mask_0.0,training,39.49,6200,0.0001,smooth_l1,1.9456750461444016e-07
368,leslie,0.0,train_mae_medium_leslie_mask_0.0,training,39.49,6200,0.0001,ssim_loss,0.00014804082922637463
369,leslie,0.0,train_mae_medium_leslie_mask_0.0,validation,39.49,6200,0.0001,objective_loss,7.012668875177042e-05
370,leslie,0.0,train_mae_medium_leslie_mask_0.0,validation,39.49,6200,0.0001,smooth_l1,1.6839951149094646e-07
371,leslie,0.0,train_mae_medium_leslie_mask_0.0,validation,39.49,6200,0.0001,ssim_loss,0.00014008497819304467
372,leslie,0.0,train_mae_medium_leslie_mask_0.0,training,40.127,6300,0.0001,objective_loss,7.842628587241051e-05
373,leslie,0.0,train_mae_medium_leslie_mask_0.0,training,40.127,6300,0.0001,smooth_l1,2.401288829645409e-07
374,leslie,0.0,train_mae_medium_leslie_mask_0.0,training,40.127,6300,0.0001,ssim_loss,0.0001566124428063631
375,leslie,0.0,train_mae_medium_leslie_mask_0.0,validation,40.127,6300,0.0001,objective_loss,6.992456274019787e-05
376,leslie,0.0,train_mae_medium_leslie_mask_0.0,validation,40.127,6300,0.0001,smooth_l1,1.6701370952887373e-07
377,leslie,0.0,train_mae_medium_leslie_mask_0.0,validation,40.127,6300,0.0001,ssim_loss,0.00013968211133033037
378,leslie,0.0,train_mae_medium_leslie_mask_0.0,training,40.764,6400,0.0001,objective_loss,7.33536878033192e-05
379,leslie,0.0,train_mae_medium_leslie_mask_0.0,training,40.764,6400,0.0001,smooth_l1,1.9764106806263726e-07
380,leslie,0.0,train_mae_medium_leslie_mask_0.0,training,40.764,6400,0.0001,ssim_loss,0.00014650973491370678
381,leslie,0.0,train_mae_medium_leslie_mask_0.0,validation,40.764,6400,0.0001,objective_loss,6.971190832700813e-05
382,leslie,0.0,train_mae_medium_leslie_mask_0.0,validation,40.764,6400,0.0001,smooth_l1,1.7116153561147485e-07
383,leslie,0.0,train_mae_medium_leslie_mask_0.0,validation,40.764,6400,0.0001,ssim_loss,0.0001392526552081108
384,leslie,0.0,train_mae_medium_leslie_mask_0.0,training,41.401,6500,0.0001,objective_loss,7.507085862016538e-05
385,leslie,0.0,train_mae_medium_leslie_mask_0.0,training,41.401,6500,0.0001,smooth_l1,2.188995398810789e-07
386,leslie,0.0,train_mae_medium_leslie_mask_0.0,training,41.401,6500,0.0001,ssim_loss,0.00014992281794548034
387,leslie,0.0,train_mae_medium_leslie_mask_0.0,validation,41.401,6500,0.0001,objective_loss,6.938649735275249e-05
388,leslie,0.0,train_mae_medium_leslie_mask_0.0,validation,41.401,6500,0.0001,smooth_l1,1.643722120192592e-07
389,leslie,0.0,train_mae_medium_leslie_mask_0.0,validation,41.401,6500,0.0001,ssim_loss,0.00013860862236469984
390,leslie,0.0,train_mae_medium_leslie_mask_0.0,training,42.038,6600,0.0001,objective_loss,7.608639774844051e-05
391,leslie,0.0,train_mae_medium_leslie_mask_0.0,training,42.038,6600,0.0001,smooth_l1,2.260080855620572e-07
392,leslie,0.0,train_mae_medium_leslie_mask_0.0,training,42.038,6600,0.0001,ssim_loss,0.0001519467867910862
393,leslie,0.0,train_mae_medium_leslie_mask_0.0,validation,42.038,6600,0.0001,objective_loss,6.897432199366449e-05
394,leslie,0.0,train_mae_medium_leslie_mask_0.0,validation,42.038,6600,0.0001,smooth_l1,1.7085370456193517e-07
395,leslie,0.0,train_mae_medium_leslie_mask_0.0,validation,42.038,6600,0.0001,ssim_loss,0.00013777778949588537
396,leslie,0.0,train_mae_medium_leslie_mask_0.0,training,42.675,6700,0.0001,objective_loss,7.442712980264332e-05
397,leslie,0.0,train_mae_medium_leslie_mask_0.0,training,42.675,6700,0.0001,smooth_l1,2.0631922264868763e-07
398,leslie,0.0,train_mae_medium_leslie_mask_0.0,training,42.675,6700,0.0001,ssim_loss,0.00014864793978631497
399,leslie,0.0,train_mae_medium_leslie_mask_0.0,validation,42.675,6700,0.0001,objective_loss,6.886451615173428e-05
400,leslie,0.0,train_mae_medium_leslie_mask_0.0,validation,42.675,6700,0.0001,smooth_l1,1.6991788860387657e-07
401,leslie,0.0,train_mae_medium_leslie_mask_0.0,validation,42.675,6700,0.0001,ssim_loss,0.00013755911495536566
402,leslie,0.0,train_mae_medium_leslie_mask_0.0,training,43.312,6800,0.0001,objective_loss,7.19848541848478e-05
403,leslie,0.0,train_mae_medium_leslie_mask_0.0,training,43.312,6800,0.0001,smooth_l1,2.3564945603737896e-07
404,leslie,0.0,train_mae_medium_leslie_mask_0.0,training,43.312,6800,0.0001,ssim_loss,0.00014373405836522578
405,leslie,0.0,train_mae_medium_leslie_mask_0.0,validation,43.312,6800,0.0001,objective_loss,6.82779093949648e-05
406,leslie,0.0,train_mae_medium_leslie_mask_0.0,validation,43.312,6800,0.0001,smooth_l1,1.6581612505284227e-07
407,leslie,0.0,train_mae_medium_leslie_mask_0.0,validation,43.312,6800,0.0001,ssim_loss,0.00013639000244438648
408,leslie,0.0,train_mae_medium_leslie_mask_0.0,training,43.949,6900,0.0001,objective_loss,7.552096976723988e-05
409,leslie,0.0,train_mae_medium_leslie_mask_0.0,training,43.949,6900,0.0001,smooth_l1,2.2083303804265598e-07
410,leslie,0.0,train_mae_medium_leslie_mask_0.0,training,43.949,6900,0.0001,ssim_loss,0.0001508211065083742
411,leslie,0.0,train_mae_medium_leslie_mask_0.0,validation,43.949,6900,0.0001,objective_loss,6.827097977293305e-05
412,leslie,0.0,train_mae_medium_leslie_mask_0.0,validation,43.949,6900,0.0001,smooth_l1,1.7829040626082816e-07
413,leslie,0.0,train_mae_medium_leslie_mask_0.0,validation,43.949,6900,0.0001,ssim_loss,0.00013636366929858923
414,leslie,0.0,train_mae_medium_leslie_mask_0.0,training,44.586,7000,0.0001,objective_loss,7.39986860571662e-05
415,leslie,0.0,train_mae_medium_leslie_mask_0.0,training,44.586,7000,0.0001,smooth_l1,2.229286175747802e-07
416,leslie,0.0,train_mae_medium_leslie_mask_0.0,training,44.586,7000,0.0001,ssim_loss,0.00014777444303035737
417,leslie,0.0,train_mae_medium_leslie_mask_0.0,validation,44.586,7000,0.0001,objective_loss,6.816324294049992e-05
418,leslie,0.0,train_mae_medium_leslie_mask_0.0,validation,44.586,7000,0.0001,smooth_l1,1.785574447410454e-07
419,leslie,0.0,train_mae_medium_leslie_mask_0.0,validation,44.586,7000,0.0001,ssim_loss,0.00013614792842417956
420,leslie,0.0,train_mae_medium_leslie_mask_0.0,training,45.223,7100,0.0001,objective_loss,7.711442987783811e-05
421,leslie,0.0,train_mae_medium_leslie_mask_0.0,training,45.223,7100,0.0001,smooth_l1,2.776432818052399e-07
422,leslie,0.0,train_mae_medium_leslie_mask_0.0,training,45.223,7100,0.0001,ssim_loss,0.0001539512164890766
423,leslie,0.0,train_mae_medium_leslie_mask_0.0,validation,45.223,7100,0.0001,objective_loss,6.789517469769635e-05
424,leslie,0.0,train_mae_medium_leslie_mask_0.0,validation,45.223,7100,0.0001,smooth_l1,1.7907306411046874e-07
425,leslie,0.0,train_mae_medium_leslie_mask_0.0,validation,45.223,7100,0.0001,ssim_loss,0.00013561127707362175
426,leslie,0.0,train_mae_medium_leslie_mask_0.0,training,45.86,7200,0.0001,objective_loss,7.44860809209058e-05
427,leslie,0.0,train_mae_medium_leslie_mask_0.0,training,45.86,7200,0.0001,smooth_l1,2.4947483140635995e-07
428,leslie,0.0,train_mae_medium_leslie_mask_0.0,training,45.86,7200,0.0001,ssim_loss,0.0001487226877361536
429,leslie,0.0,train_mae_medium_leslie_mask_0.0,validation,45.86,7200,0.0001,objective_loss,6.726999467900895e-05
430,leslie,0.0,train_mae_medium_leslie_mask_0.0,validation,45.86,7200,0.0001,smooth_l1,1.6716167343666656e-07
431,leslie,0.0,train_mae_medium_leslie_mask_0.0,validation,45.86,7200,0.0001,ssim_loss,0.00013437282759696246
432,leslie,0.0,train_mae_medium_leslie_mask_0.0,training,46.497,7300,0.0001,objective_loss,7.193006491434062e-05
433,leslie,0.0,train_mae_medium_leslie_mask_0.0,training,46.497,7300,0.0001,smooth_l1,2.1573901527460747e-07
434,leslie,0.0,train_mae_medium_leslie_mask_0.0,training,46.497,7300,0.0001,ssim_loss,0.0001436443906277418
435,leslie,0.0,train_mae_medium_leslie_mask_0.0,validation,46.497,7300,0.0001,objective_loss,6.787519350837101e-05
436,leslie,0.0,train_mae_medium_leslie_mask_0.0,validation,46.497,7300,0.0001,smooth_l1,1.9778370132783608e-07
437,leslie,0.0,train_mae_medium_leslie_mask_0.0,validation,46.497,7300,0.0001,ssim_loss,0.00013555260375142097
438,leslie,0.0,train_mae_medium_leslie_mask_0.0,training,47.134,7400,0.0001,objective_loss,7.280057834577747e-05
439,leslie,0.0,train_mae_medium_leslie_mask_0.0,training,47.134,7400,0.0001,smooth_l1,2.429649410018442e-07
440,leslie,0.0,train_mae_medium_leslie_mask_0.0,training,47.134,7400,0.0001,ssim_loss,0.00014535819180309774
441,leslie,0.0,train_mae_medium_leslie_mask_0.0,validation,47.134,7400,0.0001,objective_loss,6.707862744406156e-05
442,leslie,0.0,train_mae_medium_leslie_mask_0.0,validation,47.134,7400,0.0001,smooth_l1,1.8210188539313777e-07
443,leslie,0.0,train_mae_medium_leslie_mask_0.0,validation,47.134,7400,0.0001,ssim_loss,0.00013397515285760165
444,leslie,0.0,train_mae_medium_leslie_mask_0.0,training,47.771,7500,0.0001,objective_loss,7.185020247561624e-05
445,leslie,0.0,train_mae_medium_leslie_mask_0.0,training,47.771,7500,0.0001,smooth_l1,2.447567267438444e-07
446,leslie,0.0,train_mae_medium_leslie_mask_0.0,training,47.771,7500,0.0001,ssim_loss,0.00014345564879477023
447,leslie,0.0,train_mae_medium_leslie_mask_0.0,validation,47.771,7500,0.0001,objective_loss,6.634420324189705e-05
448,leslie,0.0,train_mae_medium_leslie_mask_0.0,validation,47.771,7500,0.0001,smooth_l1,1.6462610430423297e-07
449,leslie,0.0,train_mae_medium_leslie_mask_0.0,validation,47.771,7500,0.0001,ssim_loss,0.0001325237797573209
450,leslie,0.0,train_mae_medium_leslie_mask_0.0,training,48.408,7600,0.0001,objective_loss,7.281316135049565e-05
451,leslie,0.0,train_mae_medium_leslie_mask_0.0,training,48.408,7600,0.0001,smooth_l1,2.5932101806347417e-07
452,leslie,0.0,train_mae_medium_leslie_mask_0.0,training,48.408,7600,0.0001,ssim_loss,0.0001453670021146536
453,leslie,0.0,train_mae_medium_leslie_mask_0.0,validation,48.408,7600,0.0001,objective_loss,6.657444928350741e-05
454,leslie,0.0,train_mae_medium_leslie_mask_0.0,validation,48.408,7600,0.0001,smooth_l1,1.7247165962075428e-07
455,leslie,0.0,train_mae_medium_leslie_mask_0.0,validation,48.408,7600,0.0001,ssim_loss,0.00013297642581164837
456,leslie,0.0,train_mae_medium_leslie_mask_0.0,training,49.045,7700,0.0001,objective_loss,7.327378356421833e-05
457,leslie,0.0,train_mae_medium_leslie_mask_0.0,training,49.045,7700,0.0001,smooth_l1,2.4068329786075536e-07
458,leslie,0.0,train_mae_medium_leslie_mask_0.0,training,49.045,7700,0.0001,ssim_loss,0.0001463068835437298
459,leslie,0.0,train_mae_medium_leslie_mask_0.0,validation,49.045,7700,0.0001,objective_loss,7.117159721019562e-05
460,leslie,0.0,train_mae_medium_leslie_mask_0.0,validation,49.045,7700,0.0001,smooth_l1,3.4043805889893975e-07
461,leslie,0.0,train_mae_medium_leslie_mask_0.0,validation,49.045,7700,0.0001,ssim_loss,0.00014200275763869284
462,leslie,0.0,train_mae_medium_leslie_mask_0.0,training,49.682,7800,0.0001,objective_loss,7.257537174155005e-05
463,leslie,0.0,train_mae_medium_leslie_mask_0.0,training,49.682,7800,0.0001,smooth_l1,2.8672972806731423e-07
464,leslie,0.0,train_mae_medium_leslie_mask_0.0,training,49.682,7800,0.0001,ssim_loss,0.00014486401341855525
465,leslie,0.0,train_mae_medium_leslie_mask_0.0,validation,49.682,7800,0.0001,objective_loss,6.678343070234404e-05
466,leslie,0.0,train_mae_medium_leslie_mask_0.0,validation,49.682,7800,0.0001,smooth_l1,2.169525407325068e-07
467,leslie,0.0,train_mae_medium_leslie_mask_0.0,validation,49.682,7800,0.0001,ssim_loss,0.00013334990944713354
468,leslie,0.0,train_mae_medium_leslie_mask_0.0,training,50.318,7900,0.0001,objective_loss,7.228705508168786e-05
469,leslie,0.0,train_mae_medium_leslie_mask_0.0,training,50.318,7900,0.0001,smooth_l1,2.1229452606519317e-07
470,leslie,0.0,train_mae_medium_leslie_mask_0.0,training,50.318,7900,0.0001,ssim_loss,0.00014436181634664536
471,leslie,0.0,train_mae_medium_leslie_mask_0.0,validation,50.318,7900,0.0001,objective_loss,6.842173129371077e-05
472,leslie,0.0,train_mae_medium_leslie_mask_0.0,validation,50.318,7900,0.0001,smooth_l1,2.5075758571801996e-07
473,leslie,0.0,train_mae_medium_leslie_mask_0.0,validation,50.318,7900,0.0001,ssim_loss,0.00013659270480275153
474,leslie,0.0,train_mae_medium_leslie_mask_0.0,training,50.955,8000,2e-05,objective_loss,7.328274394239997e-05
475,leslie,0.0,train_mae_medium_leslie_mask_0.0,training,50.955,8000,2e-05,smooth_l1,3.033356748716187e-07
476,leslie,0.0,train_mae_medium_leslie_mask_0.0,training,50.955,8000,2e-05,ssim_loss,0.000146262152120471
477,leslie,0.0,train_mae_medium_leslie_mask_0.0,validation,50.955,8000,2e-05,objective_loss,8.025312317840871e-05
478,leslie,0.0,train_mae_medium_leslie_mask_0.0,validation,50.955,8000,2e-05,smooth_l1,6.674736482636945e-07
479,leslie,0.0,train_mae_medium_leslie_mask_0.0,validation,50.955,8000,2e-05,ssim_loss,0.00015983877237886191
480,leslie,0.0,train_mae_medium_leslie_mask_0.0,training,51.592,8100,2e-05,objective_loss,7.268374942213995e-05
481,leslie,0.0,train_mae_medium_leslie_mask_0.0,training,51.592,8100,2e-05,smooth_l1,2.310453936615886e-07
482,leslie,0.0,train_mae_medium_leslie_mask_0.0,training,51.592,8100,2e-05,ssim_loss,0.00014513645321130751
483,leslie,0.0,train_mae_medium_leslie_mask_0.0,validation,51.592,8100,2e-05,objective_loss,6.533889686579641e-05
484,leslie,0.0,train_mae_medium_leslie_mask_0.0,validation,51.592,8100,2e-05,smooth_l1,1.530976602381884e-07
485,leslie,0.0,train_mae_medium_leslie_mask_0.0,validation,51.592,8100,2e-05,ssim_loss,0.00013052469585090877
486,leslie,0.0,train_mae_medium_leslie_mask_0.0,training,52.229,8200,2e-05,objective_loss,7.156740131904371e-05
487,leslie,0.0,train_mae_medium_leslie_mask_0.0,training,52.229,8200,2e-05,smooth_l1,1.9362528046684702e-07
488,leslie,0.0,train_mae_medium_leslie_mask_0.0,training,52.229,8200,2e-05,ssim_loss,0.00014294117689132692
489,leslie,0.0,train_mae_medium_leslie_mask_0.0,validation,52.229,8200,2e-05,objective_loss,6.52820561754197e-05
490,leslie,0.0,train_mae_medium_leslie_mask_0.0,validation,52.229,8200,2e-05,smooth_l1,1.528987201737664e-07
491,leslie,0.0,train_mae_medium_leslie_mask_0.0,validation,52.229,8200,2e-05,ssim_loss,0.00013041121419519187
492,leslie,0.0,train_mae_medium_leslie_mask_0.0,training,52.866,8300,2e-05,objective_loss,6.74035913834814e-05
493,leslie,0.0,train_mae_medium_leslie_mask_0.0,training,52.866,8300,2e-05,smooth_l1,1.7323558434867437e-07
494,leslie,0.0,train_mae_medium_leslie_mask_0.0,training,52.866,8300,2e-05,ssim_loss,0.00013463394716382027
495,leslie,0.0,train_mae_medium_leslie_mask_0.0,validation,52.866,8300,2e-05,objective_loss,6.523616270897037e-05
496,leslie,0.0,train_mae_medium_leslie_mask_0.0,validation,52.866,8300,2e-05,smooth_l1,1.529872798666787e-07
497,leslie,0.0,train_mae_medium_leslie_mask_0.0,validation,52.866,8300,2e-05,ssim_loss,0.00013031933922320605
498,leslie,0.0,train_mae_medium_leslie_mask_0.0,training,53.503,8400,2e-05,objective_loss,7.041918353934307e-05
499,leslie,0.0,train_mae_medium_leslie_mask_0.0,training,53.503,8400,2e-05,smooth_l1,2.209147725906746e-07
500,leslie,0.0,train_mae_medium_leslie_mask_0.0,training,53.503,8400,2e-05,ssim_loss,0.0001406174525618553
501,leslie,0.0,train_mae_medium_leslie_mask_0.0,validation,53.503,8400,2e-05,objective_loss,6.517940018966329e-05
502,leslie,0.0,train_mae_medium_leslie_mask_0.0,validation,53.503,8400,2e-05,smooth_l1,1.5273270363991288e-07
503,leslie,0.0,train_mae_medium_leslie_mask_0.0,validation,53.503,8400,2e-05,ssim_loss,0.00013020606711506845
504,leslie,0.0,train_mae_medium_leslie_mask_0.0,training,54.14,8500,2e-05,objective_loss,7.04362454234797e-05
505,leslie,0.0,train_mae_medium_leslie_mask_0.0,training,54.14,8500,2e-05,smooth_l1,1.859433870521343e-07
506,leslie,0.0,train_mae_medium_leslie_mask_0.0,training,54.14,8500,2e-05,ssim_loss,0.00014068654738366604
507,leslie,0.0,train_mae_medium_leslie_mask_0.0,validation,54.14,8500,2e-05,objective_loss,6.508049636977375e-05
508,leslie,0.0,train_mae_medium_leslie_mask_0.0,validation,54.14,8500,2e-05,smooth_l1,1.526208836644116e-07
509,leslie,0.0,train_mae_medium_leslie_mask_0.0,validation,54.14,8500,2e-05,ssim_loss,0.00013000837061554192
510,leslie,0.0,train_mae_medium_leslie_mask_0.0,training,54.777,8600,2e-05,objective_loss,7.258897101564799e-05
511,leslie,0.0,train_mae_medium_leslie_mask_0.0,training,54.777,8600,2e-05,smooth_l1,2.2025600365793707e-07
512,leslie,0.0,train_mae_medium_leslie_mask_0.0,training,54.777,8600,2e-05,ssim_loss,0.0001449576858431101
513,leslie,0.0,train_mae_medium_leslie_mask_0.0,validation,54.777,8600,2e-05,objective_loss,6.505485794150445e-05
514,leslie,0.0,train_mae_medium_leslie_mask_0.0,validation,54.777,8600,2e-05,smooth_l1,1.5242806905568784e-07
515,leslie,0.0,train_mae_medium_leslie_mask_0.0,validation,54.777,8600,2e-05,ssim_loss,0.0001299572875723243
516,leslie,0.0,train_mae_medium_leslie_mask_0.0,training,55.414,8700,2e-05,objective_loss,6.770355485059553e-05
517,leslie,0.0,train_mae_medium_leslie_mask_0.0,training,55.414,8700,2e-05,smooth_l1,1.8054301609282675e-07
518,leslie,0.0,train_mae_medium_leslie_mask_0.0,training,55.414,8700,2e-05,ssim_loss,0.0001352265663444996
519,leslie,0.0,train_mae_medium_leslie_mask_0.0,validation,55.414,8700,2e-05,objective_loss,6.499427017843118e-05
520,leslie,0.0,train_mae_medium_leslie_mask_0.0,validation,55.414,8700,2e-05,smooth_l1,1.5244084954346705e-07
521,leslie,0.0,train_mae_medium_leslie_mask_0.0,validation,55.414,8700,2e-05,ssim_loss,0.00012983609922230245
522,leslie,0.0,train_mae_medium_leslie_mask_0.0,training,56.051,8800,2e-05,objective_loss,7.043103512842208e-05
523,leslie,0.0,train_mae_medium_leslie_mask_0.0,training,56.051,8800,2e-05,smooth_l1,2.030623282323063e-07
524,leslie,0.0,train_mae_medium_leslie_mask_0.0,training,56.051,8800,2e-05,ssim_loss,0.00014065900817513465
525,leslie,0.0,train_mae_medium_leslie_mask_0.0,validation,56.051,8800,2e-05,objective_loss,6.49613213226985e-05
526,leslie,0.0,train_mae_medium_leslie_mask_0.0,validation,56.051,8800,2e-05,smooth_l1,1.5229446166387105e-07
527,leslie,0.0,train_mae_medium_leslie_mask_0.0,validation,56.051,8800,2e-05,ssim_loss,0.0001297703478485346
528,leslie,0.0,train_mae_medium_leslie_mask_0.0,training,56.688,8900,2e-05,objective_loss,7.027643598121358e-05
529,leslie,0.0,train_mae_medium_leslie_mask_0.0,training,56.688,8900,2e-05,smooth_l1,1.9898316658384374e-07
530,leslie,0.0,train_mae_medium_leslie_mask_0.0,training,56.688,8900,2e-05,ssim_loss,0.00014035388827323913
531,leslie,0.0,train_mae_medium_leslie_mask_0.0,validation,56.688,8900,2e-05,objective_loss,6.488998874374375e-05
532,leslie,0.0,train_mae_medium_leslie_mask_0.0,validation,56.688,8900,2e-05,smooth_l1,1.5195855658234335e-07
533,leslie,0.0,train_mae_medium_leslie_mask_0.0,validation,56.688,8900,2e-05,ssim_loss,0.00012962801847606897
534,leslie,0.0,train_mae_medium_leslie_mask_0.0,training,57.325,9000,2e-05,objective_loss,7.189157513494137e-05
535,leslie,0.0,train_mae_medium_leslie_mask_0.0,training,57.325,9000,2e-05,smooth_l1,1.9131424512153216e-07
536,leslie,0.0,train_mae_medium_leslie_mask_0.0,training,57.325,9000,2e-05,ssim_loss,0.00014359183609485626
537,leslie,0.0,train_mae_medium_leslie_mask_0.0,validation,57.325,9000,2e-05,objective_loss,6.4830610062927e-05
538,leslie,0.0,train_mae_medium_leslie_mask_0.0,validation,57.325,9000,2e-05,smooth_l1,1.5234137733521892e-07
539,leslie,0.0,train_mae_medium_leslie_mask_0.0,validation,57.325,9000,2e-05,ssim_loss,0.0001295088790357113
540,leslie,0.0,train_mae_medium_leslie_mask_0.0,training,57.962,9100,2e-05,objective_loss,6.769303021428641e-05
541,leslie,0.0,train_mae_medium_leslie_mask_0.0,training,57.962,9100,2e-05,smooth_l1,1.8726630134580092e-07
542,leslie,0.0,train_mae_medium_leslie_mask_0.0,training,57.962,9100,2e-05,ssim_loss,0.00013519879430532456
543,leslie,0.0,train_mae_medium_leslie_mask_0.0,validation,57.962,9100,2e-05,objective_loss,6.471340457210317e-05
544,leslie,0.0,train_mae_medium_leslie_mask_0.0,validation,57.962,9100,2e-05,smooth_l1,1.5169269262926832e-07
545,leslie,0.0,train_mae_medium_leslie_mask_0.0,validation,57.962,9100,2e-05,ssim_loss,0.0001292751170694828
546,leslie,0.0,train_mae_medium_leslie_mask_0.0,training,58.599,9200,2e-05,objective_loss,7.11390737342299e-05
547,leslie,0.0,train_mae_medium_leslie_mask_0.0,training,58.599,9200,2e-05,smooth_l1,2.215499350910477e-07
548,leslie,0.0,train_mae_medium_leslie_mask_0.0,training,58.599,9200,2e-05,ssim_loss,0.00014205659739673136
549,leslie,0.0,train_mae_medium_leslie_mask_0.0,validation,58.599,9200,2e-05,objective_loss,6.473755120168789e-05
550,leslie,0.0,train_mae_medium_leslie_mask_0.0,validation,58.599,9200,2e-05,smooth_l1,1.5178930987680416e-07
551,leslie,0.0,train_mae_medium_leslie_mask_0.0,validation,58.599,9200,2e-05,ssim_loss,0.00012932331301271916
552,leslie,0.0,train_mae_medium_leslie_mask_0.0,training,59.236,9300,2e-05,objective_loss,7.022963643976254e-05
553,leslie,0.0,train_mae_medium_leslie_mask_0.0,training,59.236,9300,2e-05,smooth_l1,2.0147796188751955e-07
554,leslie,0.0,train_mae_medium_leslie_mask_0.0,training,59.236,9300,2e-05,ssim_loss,0.00014025779440999031
555,leslie,0.0,train_mae_medium_leslie_mask_0.0,validation,59.236,9300,2e-05,objective_loss,6.463411400545738e-05
556,leslie,0.0,train_mae_medium_leslie_mask_0.0,validation,59.236,9300,2e-05,smooth_l1,1.512027143046879e-07
557,leslie,0.0,train_mae_medium_leslie_mask_0.0,validation,59.236,9300,2e-05,ssim_loss,0.00012911702506244183
558,leslie,0.0,train_mae_medium_leslie_mask_0.0,training,59.873,9400,2e-05,objective_loss,6.794743789214409e-05
559,leslie,0.0,train_mae_medium_leslie_mask_0.0,training,59.873,9400,2e-05,smooth_l1,1.7352592710295766e-07
560,leslie,0.0,train_mae_medium_leslie_mask_0.0,training,59.873,9400,2e-05,ssim_loss,0.00013572135008871556
561,leslie,0.0,train_mae_medium_leslie_mask_0.0,validation,59.873,9400,2e-05,objective_loss,6.451813837884401e-05
562,leslie,0.0,train_mae_medium_leslie_mask_0.0,validation,59.873,9400,2e-05,smooth_l1,1.511992210989632e-07
563,leslie,0.0,train_mae_medium_leslie_mask_0.0,validation,59.873,9400,2e-05,ssim_loss,0.00012888507917523383
564,leslie,0.0,train_mae_medium_leslie_mask_0.0,training,60.51,9500,2e-05,objective_loss,6.85169493954163e-05
565,leslie,0.0,train_mae_medium_leslie_mask_0.0,training,60.51,9500,2e-05,smooth_l1,1.7836537818283205e-07
566,leslie,0.0,train_mae_medium_leslie_mask_0.0,training,60.51,9500,2e-05,ssim_loss,0.00013685553334653378
567,leslie,0.0,train_mae_medium_leslie_mask_0.0,validation,60.51,9500,2e-05,objective_loss,6.447586961257911e-05
568,leslie,0.0,train_mae_medium_leslie_mask_0.0,validation,60.51,9500,2e-05,smooth_l1,1.509445477498872e-07
569,leslie,0.0,train_mae_medium_leslie_mask_0.0,validation,60.51,9500,2e-05,ssim_loss,0.00012880079448223113
570,leslie,0.0,train_mae_medium_leslie_mask_0.0,training,61.146,9600,2e-05,objective_loss,7.113917617971311e-05
571,leslie,0.0,train_mae_medium_leslie_mask_0.0,training,61.146,9600,2e-05,smooth_l1,2.213636389925e-07
572,leslie,0.0,train_mae_medium_leslie_mask_0.0,training,61.146,9600,2e-05,ssim_loss,0.00014205698855221271
573,leslie,0.0,train_mae_medium_leslie_mask_0.0,validation,61.146,9600,2e-05,objective_loss,6.432305062844534e-05
574,leslie,0.0,train_mae_medium_leslie_mask_0.0,validation,61.146,9600,2e-05,smooth_l1,1.5117568543665528e-07
575,leslie,0.0,train_mae_medium_leslie_mask_0.0,validation,61.146,9600,2e-05,ssim_loss,0.00012849492486566305
576,leslie,0.0,train_mae_medium_leslie_mask_0.0,training,61.783,9700,2e-05,objective_loss,6.985306947171921e-05
577,leslie,0.0,train_mae_medium_leslie_mask_0.0,training,61.783,9700,2e-05,smooth_l1,2.15102796374822e-07
578,leslie,0.0,train_mae_medium_leslie_mask_0.0,training,61.783,9700,2e-05,ssim_loss,0.00013949103653430937
579,leslie,0.0,train_mae_medium_leslie_mask_0.0,validation,61.783,9700,2e-05,objective_loss,6.432501495510224e-05
580,leslie,0.0,train_mae_medium_leslie_mask_0.0,validation,61.783,9700,2e-05,smooth_l1,1.5058816518198626e-07
581,leslie,0.0,train_mae_medium_leslie_mask_0.0,validation,61.783,9700,2e-05,ssim_loss,0.00012849944178014994
582,leslie,0.0,train_mae_medium_leslie_mask_0.0,training,62.42,9800,2e-05,objective_loss,7.127840704924893e-05
583,leslie,0.0,train_mae_medium_leslie_mask_0.0,training,62.42,9800,2e-05,smooth_l1,2.1306230724604802e-07
584,leslie,0.0,train_mae_medium_leslie_mask_0.0,training,62.42,9800,2e-05,ssim_loss,0.00014234375208616257
585,leslie,0.0,train_mae_medium_leslie_mask_0.0,validation,62.42,9800,2e-05,objective_loss,6.423680824809707e-05
586,leslie,0.0,train_mae_medium_leslie_mask_0.0,validation,62.42,9800,2e-05,smooth_l1,1.5068332017698083e-07
587,leslie,0.0,train_mae_medium_leslie_mask_0.0,validation,62.42,9800,2e-05,ssim_loss,0.00012832293286919595
588,leslie,0.0,train_mae_medium_leslie_mask_0.0,training,63.057,9900,2e-05,objective_loss,6.76442153780954e-05
589,leslie,0.0,train_mae_medium_leslie_mask_0.0,training,63.057,9900,2e-05,smooth_l1,1.6684335161443186e-07
590,leslie,0.0,train_mae_medium_leslie_mask_0.0,training,63.057,9900,2e-05,ssim_loss,0.00013512158766388894
591,leslie,0.0,train_mae_medium_leslie_mask_0.0,validation,63.057,9900,2e-05,objective_loss,6.41416660073446e-05
592,leslie,0.0,train_mae_medium_leslie_mask_0.0,validation,63.057,9900,2e-05,smooth_l1,1.5003925821766017e-07
593,leslie,0.0,train_mae_medium_leslie_mask_0.0,validation,63.057,9900,2e-05,ssim_loss,0.00012813329230993987
594,leslie,0.0,train_mae_medium_leslie_mask_0.0,training,63.694,10000,2e-05,objective_loss,6.753842357284157e-05
595,leslie,0.0,train_mae_medium_leslie_mask_0.0,training,63.694,10000,2e-05,smooth_l1,1.6851372301118771e-07
596,leslie,0.0,train_mae_medium_leslie_mask_0.0,training,63.694,10000,2e-05,ssim_loss,0.00013490833342075348
597,leslie,0.0,train_mae_medium_leslie_mask_0.0,validation,63.694,10000,2e-05,objective_loss,6.406281563613448e-05
598,leslie,0.0,train_mae_medium_leslie_mask_0.0,validation,63.694,10000,2e-05,smooth_l1,1.5001205979636723e-07
599,leslie,0.0,train_mae_medium_leslie_mask_0.0,validation,63.694,10000,2e-05,ssim_loss,0.00012797561939805746
600,leslie,0.0,train_mae_medium_leslie_mask_0.0,training,64.331,10100,2e-05,objective_loss,6.943901713384549e-05
601,leslie,0.0,train_mae_medium_leslie_mask_0.0,training,64.331,10100,2e-05,smooth_l1,2.0962612140351667e-07
602,leslie,0.0,train_mae_medium_leslie_mask_0.0,training,64.331,10100,2e-05,ssim_loss,0.0001386684086173773
603,leslie,0.0,train_mae_medium_leslie_mask_0.0,validation,64.331,10100,2e-05,objective_loss,6.394296865437354e-05
604,leslie,0.0,train_mae_medium_leslie_mask_0.0,validation,64.331,10100,2e-05,smooth_l1,1.4976152948875665e-07
605,leslie,0.0,train_mae_medium_leslie_mask_0.0,validation,64.331,10100,2e-05,ssim_loss,0.0001277361763641238
606,leslie,0.0,train_mae_medium_leslie_mask_0.0,training,64.968,10200,2e-05,objective_loss,6.933009357453557e-05
607,leslie,0.0,train_mae_medium_leslie_mask_0.0,training,64.968,10200,2e-05,smooth_l1,2.0589935033399344e-07
608,leslie,0.0,train_mae_medium_leslie_mask_0.0,training,64.968,10200,2e-05,ssim_loss,0.00013845428824424744
609,leslie,0.0,train_mae_medium_leslie_mask_0.0,validation,64.968,10200,2e-05,objective_loss,6.385609058270347e-05
610,leslie,0.0,train_mae_medium_leslie_mask_0.0,validation,64.968,10200,2e-05,smooth_l1,1.4953417974972184e-07
611,leslie,0.0,train_mae_medium_leslie_mask_0.0,validation,64.968,10200,2e-05,ssim_loss,0.0001275626476854086
612,leslie,0.0,train_mae_medium_leslie_mask_0.0,training,65.605,10300,2e-05,objective_loss,6.980224057770101e-05
613,leslie,0.0,train_mae_medium_leslie_mask_0.0,training,65.605,10300,2e-05,smooth_l1,1.949916066479318e-07
614,leslie,0.0,train_mae_medium_leslie_mask_0.0,training,65.605,10300,2e-05,ssim_loss,0.00013940948992967605
615,leslie,0.0,train_mae_medium_leslie_mask_0.0,validation,65.605,10300,2e-05,objective_loss,6.373292899297667e-05
616,leslie,0.0,train_mae_medium_leslie_mask_0.0,validation,65.605,10300,2e-05,smooth_l1,1.494047166872292e-07
617,leslie,0.0,train_mae_medium_leslie_mask_0.0,validation,65.605,10300,2e-05,ssim_loss,0.000127316452562809
618,leslie,0.0,train_mae_medium_leslie_mask_0.0,training,66.242,10400,2e-05,objective_loss,6.951049606868765e-05
619,leslie,0.0,train_mae_medium_leslie_mask_0.0,training,66.242,10400,2e-05,smooth_l1,2.138257443462521e-07
620,leslie,0.0,train_mae_medium_leslie_mask_0.0,training,66.242,10400,2e-05,ssim_loss,0.00013880716636776924
621,leslie,0.0,train_mae_medium_leslie_mask_0.0,validation,66.242,10400,2e-05,objective_loss,6.370220316966879e-05
622,leslie,0.0,train_mae_medium_leslie_mask_0.0,validation,66.242,10400,2e-05,smooth_l1,1.4925892193318192e-07
623,leslie,0.0,train_mae_medium_leslie_mask_0.0,validation,66.242,10400,2e-05,ssim_loss,0.00012725514825433492
624,leslie,0.0,train_mae_medium_leslie_mask_0.0,training,66.879,10500,2e-05,objective_loss,6.499719245766755e-05
625,leslie,0.0,train_mae_medium_leslie_mask_0.0,training,66.879,10500,2e-05,smooth_l1,1.519341063271895e-07
626,leslie,0.0,train_mae_medium_leslie_mask_0.0,training,66.879,10500,2e-05,ssim_loss,0.0001298424508422613
627,leslie,0.0,train_mae_medium_leslie_mask_0.0,validation,66.879,10500,2e-05,objective_loss,6.357854431371379e-05
628,leslie,0.0,train_mae_medium_leslie_mask_0.0,validation,66.879,10500,2e-05,smooth_l1,1.502768866679105e-07
629,leslie,0.0,train_mae_medium_leslie_mask_0.0,validation,66.879,10500,2e-05,ssim_loss,0.0001270068110898137
630,leslie,0.0,train_mae_medium_leslie_mask_0.0,training,67.516,10600,2e-05,objective_loss,6.77129116593278e-05
631,leslie,0.0,train_mae_medium_leslie_mask_0.0,training,67.516,10600,2e-05,smooth_l1,1.9002821229463508e-07
632,leslie,0.0,train_mae_medium_leslie_mask_0.0,training,67.516,10600,2e-05,ssim_loss,0.00013523579575121402
633,leslie,0.0,train_mae_medium_leslie_mask_0.0,validation,67.516,10600,2e-05,objective_loss,6.349825744109694e-05
634,leslie,0.0,train_mae_medium_leslie_mask_0.0,validation,67.516,10600,2e-05,smooth_l1,1.488436462526721e-07
635,leslie,0.0,train_mae_medium_leslie_mask_0.0,validation,67.516,10600,2e-05,ssim_loss,0.00012684767134487628
636,leslie,0.0,train_mae_medium_leslie_mask_0.0,training,68.153,10700,2e-05,objective_loss,7.158688382332911e-05
637,leslie,0.0,train_mae_medium_leslie_mask_0.0,training,68.153,10700,2e-05,smooth_l1,2.2535474393237108e-07
638,leslie,0.0,train_mae_medium_leslie_mask_0.0,training,68.153,10700,2e-05,ssim_loss,0.00014294841326773167
639,leslie,0.0,train_mae_medium_leslie_mask_0.0,validation,68.153,10700,2e-05,objective_loss,6.333088467727065e-05
640,leslie,0.0,train_mae_medium_leslie_mask_0.0,validation,68.153,10700,2e-05,smooth_l1,1.4844346143405574e-07
641,leslie,0.0,train_mae_medium_leslie_mask_0.0,validation,68.153,10700,2e-05,ssim_loss,0.00012651332654058933
642,leslie,0.0,train_mae_medium_leslie_mask_0.0,training,68.79,10800,2e-05,objective_loss,6.74445750337327e-05
643,leslie,0.0,train_mae_medium_leslie_mask_0.0,training,68.79,10800,2e-05,smooth_l1,1.9032677005981214e-07
644,leslie,0.0,train_mae_medium_leslie_mask_0.0,training,68.79,10800,2e-05,ssim_loss,0.000134698823094368
645,leslie,0.0,train_mae_medium_leslie_mask_0.0,validation,68.79,10800,2e-05,objective_loss,6.327222849904502e-05
646,leslie,0.0,train_mae_medium_leslie_mask_0.0,validation,68.79,10800,2e-05,smooth_l1,1.4957171625695765e-07
647,leslie,0.0,train_mae_medium_leslie_mask_0.0,validation,68.79,10800,2e-05,ssim_loss,0.00012639488559216261
648,leslie,0.0,train_mae_medium_leslie_mask_0.0,training,69.427,10900,2e-05,objective_loss,7.192638047854417e-05
649,leslie,0.0,train_mae_medium_leslie_mask_0.0,training,69.427,10900,2e-05,smooth_l1,2.1989081698592373e-07
650,leslie,0.0,train_mae_medium_leslie_mask_0.0,training,69.427,10900,2e-05,ssim_loss,0.00014363287016749382
651,leslie,0.0,train_mae_medium_leslie_mask_0.0,validation,69.427,10900,2e-05,objective_loss,6.319860067378613e-05
652,leslie,0.0,train_mae_medium_leslie_mask_0.0,validation,69.427,10900,2e-05,smooth_l1,1.4797575342839764e-07
653,leslie,0.0,train_mae_medium_leslie_mask_0.0,validation,69.427,10900,2e-05,ssim_loss,0.00012624922674149276
